PenBFX,Area,LocateDate,PandaID_fk
B1,HOUSING,1/18/2008,861
B2,HOUSING,1/18/2008,862
B3,HOUSING,1/18/2008,863
B4,HOUSING,1/18/2008,864
B5,HOUSING,1/18/2008,865
B6,HOUSING,1/18/2008,866
B7,HOUSING,1/18/2008,867
B8,HOUSING,1/18/2008,868
B9,HOUSING,1/18/2008,869
B10,HOUSING,1/18/2008,870
B11,HOUSING,1/18/2008,871
B12,HOUSING,1/18/2008,872
B13,HOUSING,1/18/2008,873
BT1,STORAGE,,
BT2,STORAGE,,
BT3,STORAGE,,
BT4,STORAGE,,
BT5,STORAGE,,
BT6,STORAGE,,
BT7,STORAGE,,
BT8,STORAGE,,
R1,HOUSING,1/18/2008,874
R2,HOUSING,1/18/2008,875
R3,HOUSING,1/18/2008,876
R4,HOUSING,1/18/2008,877
Q1,HOUSING,1/18/2008,878
Q2,HOUSING,1/18/2008,879
BXP1,CONST,,
BXP2,CONST,,
BXP3,CONST,,
BXP4,CONST,,
BXP5,CONST,,
BXP6,CONST,,
BXP7,CONST,,
BXP8,CONST,,
OB1,HOUSING,1/18/2008,880
OB2,HOUSING,1/18/2008,881
OB3,HOUSING,1/18/2008,882
LM1,HOUSING,1/18/2008,883
LM2,HOUSING,1/18/2008,884
LM3,HOUSING,1/18/2008,885
LM4,HOUSING,1/18/2008,886
LM5,HOUSING,1/18/2008,887
LM6,HOUSING,1/18/2008,888
IPP1,HOUSING,1/18/2008,889
IPP2,HOUSING,1/18/2008,890
IPP3,HOUSING,1/18/2008,891
IPP4,HOUSING,1/18/2008,892
IPP5,HOUSING,1/18/2008,893
IPP6,HOUSING,1/18/2008,894
IPP7,HOUSING,1/18/2008,895
