﻿PandaID,Name,Sex,DOB,DODeath,Provenance,Capture_Date,Birth_Location
230,Jia Jia,F,8/12/1978,,Wild,,Unknown
298,Lin Nan,M,8/12/1984,7/23/2004,Wild,10/25/1985,Unknown
305,Lo Lo,M,8/12/1983,6/5/2000,Wild,,Unknown
308,Pan Pan,M,8/12/1985,12/28/2016,Wild,4/7/1986,Unknown
327,An An,M,8/12/1986,,Wild,10/11/1986,Unknown
329,Xin Xing,M,8/12/1986,12/8/2009,Wild,1/20/1987,Unknown
357,Zhuang Zhuang,M,8/12/1989,,Wild,10/26/1989,Unknown
358,Dong Dong,F,8/12/1984,6/3/2011,Wild,,Unknown
369,Ying Ying,M,8/15/1991,12/13/2006,Captive,,Beijing
371,Bai Yun,F,9/7/1991,,Captive,,Wolong BC
374,Lei Lei,F,8/12/1989,,Wild,,Unknown
377,Ping Ping,M,8/12/1991,1/18/2015,Wild,,Unknown
382,Ying Ying,F,8/12/1991,,Wild,3/13/1992,Unknown
385,Chuan Xing,F,7/18/1992,,Captive,,ChongQing
386,Ke Bi,M,7/26/1992,2/2/2017,Captive,,ChengPanda
394,Da Di ,M,9/22/1992,,Captive,,Wolong BC
397,Yong Ba,F,8/12/1983,12/4/2011,Wild,9/26/1992,Unknown
399,Xi Meng,M,9/19/1993,,Captive,,Wolong BC
403,Ji Ni,F,11/4/1993,,Captive,,Beijing
404,Yue Yue ,F,11/20/1993,,Captive,,Wolong BC
407,Shu Lan,F,8/31/1994,,Captive,,ChengPanda
413,Di Di ,M,10/5/1994,,Captive,,Wolong BC
414,Long Gu,F,8/12/1990,7/23/2010,Wild,3/1/1993,Unknown
415,Gao Gao ,M,8/12/1992,,Wild,4/6/1993,Unknown
416,Qiao Yuan,F,8/12/1993,,Wild,12/28/1993,Unknown
418,Bai Xue,F,8/12/1988,6/27/2015,Wild,10/12/1993,Unknown
424,Ling Ling,M,8/25/1995,,Captive,,ChongQing
425,Jiao Zi ,F,8/21/1995,,Captive,,ChengPanda
432,Fei Fei ,F,8/16/1995,,Captive,,Wolong BC
433,Long Long,M,9/14/1995,9/9/2016,Captive,,Wolong BC
434,Shuang Shuang,F,9/16/1995,,Captive,,Wolong BC
437,Jin Zhu,F,8/12/1996,,Captive,,Wolong BC
439,Guo Guo ,F,9/14/1996,,Captive,,Wolong BC
444,Xue Xue,F,8/12/1988,,Wild,,Unknown
446,Tang Tang,F,8/12/1987,8/22/2010,Wild,,Unknown
452,Lun Lun,F,8/25/1997,,Captive,,ChengPanda
455,Lin Lin,M,8/2/1997,11/6/2015,Captive,,Wolong BC
458,Tian Tian,M,8/27/1997,,Captive,,Wolong BC
460,Ding Ding,M,10/13/1997,,Captive,,Wolong BC
467,Shi Shi,M,9/10/1998,7/9/2014,Captive,,ChengPanda
473,Mei Xiang,F,7/22/1998,,Captive,,Wolong BC
474,You You,F,8/3/1998,,Captive,,Wolong BC
476,Xi Xi ,F,8/13/1998,,Captive,,Wolong BC
477,Gong Zhu,F,9/11/1998,,Captive,,Wolong BC
479,Qing Qing,M,8/2/1999,7/17/2008,Captive,,Wolong BC
487,Hua Mei ,F,8/21/1999,,Captive,,San Diego Zoo
488,Yuan Yuan,M,8/23/1999,,Captive,,Beijing
490,Qi Zhen,F,9/4/1999,,Captive,,ChengPanda
491,Qi Yuan,F,9/4/1999,,Captive,,ChengPanda
495,Ye Ye,F,9/25/1999,,Captive,,Wolong BC
496,Gu Gu ,M,9/25/1999,,Captive,,Wolong BC
502,Wu Gang,M,8/12/1999,,Wild,,Unknown
503,Lu Lu,M,8/12/1999,,Wild,10/24/1999,Unknown
504,Mao Mao ,F,8/12/1999,5/12/2008,Wild,4/21/2000,Unknown
505,Zhang Ka,F,8/12/2000,,Wild,5/8/2001,Unknown
509,Zhu Zhu,F,8/6/2000,,Captive,,Wolong BC
510,Chuang Chuang,M,8/6/2000,,Captive,,Wolong BC
511,Xi Mei,F,8/8/2000,,Captive,,Wolong BC
512,Le Sheng,F,8/10/2000,,Captive,,Wolong BC
514,Yang Yang,F,8/10/2000,,Captive,,Wolong BC
516,Long Xin,F,8/18/2000,,Captive,,Wolong BC
521,Liang Bin,F,9/6/2000,,Captive,,Wakayama
522,Cheng Gong,F,9/11/2000,,Captive,,ChengPanda
523,Cheng Ji ,F,9/12/2000,,Captive,,ChengPanda
526,Long Hui,M,9/26/2000,12/10/2016,Captive,,Wolong BC
532,Fu Fu ,M,8/25/2001,,Captive,,Wolong BC
539,Lin Hui,F,9/28/2001,,Captive,,Wolong BC
540,Xiong Bing,M,12/17/2001,,Captive,,Wakayama
542,Dai Li,M,8/12/1999,,Wild,5/8/2001,Unknown
544,Hai Zi ,F,8/12/1994,,Wild,4/1/2001,Unknown
547,Mei Qing,F,7/12/2002,,Captive,,Wolong BC
548,Lan Xiang,F,7/12/2002,,Captive,,Wolong BC
549,Zhu Yun,F,7/17/2002,,Captive,,Wolong BC
551,Xiao Xiao ,F,7/17/2002,,Captive,,ChongQing
557,Ju Xiao ,F,9/28/2002,,Captive,,Wolong BC
561,Yuan Yuan,F,8/1/2003,,Captive,,ChengPanda
562,Lou Sheng,F,8/2/2003,,,,Louguanta
563,Mei Sheng,M,8/19/2003,,Captive,,SanDiegoZoo
565,Xin Yue,F,8/14/2003,,Captive,,Wolong BC
566,Ying Hua ,F,8/17/2003,,Captive,,Wolong BC
567,Ying Mei,F,8/17/2013,,Captive,,Wolong BC
568,Na Na,F,8/20/2003,,Captive,,Wolong BC
569,Tian Tian,F,8/24/2003,,Captive,,Beijing
571,Ge Ge ,F,8/6/2003,,Captive,,Wolong BC
572,Jun Zhu ,F,9/6/2003,,Captive,,Wolong BC
573,Long Bing,M,9/8/2003,,Captive,,Wakayama
574,Qiu Bing,M,9/8/2003,,Captive,,Wakayama
576,Hua Zui Ba,F,9/16/2003,,Captive,,ChengPanda
579,Yang Yang,M,10/1/2001,,Wild,6/14/2002,REF
581,Cao Cao ,F,8/12/2002,,Wild,11/1/2003,REF
584,Yong Yong,M,8/26/2004,,Captive,,ChengPanda
586,Tong Tong,M,8/30/2004,,Captive,,Wolong BC
587,Yuan Yuan,F,8/30/2004,,Captive,,Wolong BC
588,Tuan Tuan,M,9/1/2004,,Captive,,Wolong BC
593,Si Yuan,F,10/22/2004,,Captive,,ChengPanda
595,Tai Shan,M,7/9/2005,,Captive,,NZP-Wash
596,Su Lin,F,8/2/2005,,Captive,,San Diego Zoo
598,Jing Jing,F,8/30/2005,,Captive,,ChengPanda
600,Xian Nu,F,7/3/2005,,Captive,,Wolong BC
603,Xin Xin ,F,8/6/2005,1/23/2015,Captive,,Louguanta
609,Hui Hui ,M,8/11/2005,,Captive,,Wolong BC
612,Bi Li,M,8/16/2005,,Captive,,Wolong BC
618,Ting Ting,F,8/29/2005,,Captive,,Wolong BC
621,Zi Yun,M,8/12/1989,7/29/2015,Wild,12/5/2005,REF
623,Bai Yang,M,8/12/2004,,Wild,3/12/2005,REF
625,Si Xue,F,7/22/2006,,Captive,,Wolong BC
631,Mei Xi ,F,8/10/2006,,Captive,,Wolong BC
635,Xiao Ya Tou,M,8/13/2006,,Captive,,ChengPanda
639,Fu Wa,M,8/23/2006,,Captive,,Wolong BC
641,Feng Yi,F,8/23/2006,,Captive,,Wolong BC
643,Cui Cui,F,8/25/2006,,Captive,,Wolong BC
645,Da Jiao,F,8/30/2006,,Captive,,ChengPanda
649,Mei Lan ,M,9/6/2006,,Captive,,Atlanta
650,Qian Qian,F,9/11/2006,,Captive,,Wolong BC
651,Duo Duo ,F,9/11/2006,,Captive,,Wolong BC
654,Xi Dou ,F,9/24/2006,,Captive,,Wolong BC
656,Zi Zhu ,F,8/12/1999,9/4/2012,Wild,12/3/2005,REF
658,Xiao Ming,M,8/12/1984,3/25/2010,Wild,3/21/2007,REF
661,Yi Bao ,M,8/12/2006,,Wild,12/10/2006,REF
663,Ai Bing,F,12/23/2006,,Captive,,Wakayama
664,Qing Qing,F,2/23/2007,,Captive,,Wolong BC
671,Ji Li,F,7/23/2007,,Captive,,ChengPanda
672,Jin Xin,F,8/6/2007,,Captive,,Yaan BC
674,Xiang Ge,M,8/7/2007,,Captive,,Wolong BC
678,Ke Lin,F,8/13/2007,,Captive,,ChengPanda
680,Xing Rong,F,8/13/2007,,Captive,,ChengPanda
689,Wu Jun,M,9/14/2007,,Captive,,Wolong BC
691,Wen Yu ,F,9/24/2007,,Captive,,Wolong BC
692,Xin Nier,F,9/28/2007,,Captive,,Wolong BC
694,Zhen Zhen,F,8/3/2007,,Captive,,San Diego Zoo
696,Zi Xia ,F,8/12/1995,,Wild,3/18/2008,REF
698,Shui Xiu,F,8/12/2003,,Wild,3/22/2008,REF
701,Ying Ping,F,8/12/1995,,Wild,10/29/2008,REF
702,Wang Jia   ,F,8/12/2007,,Wild,12/1/2007,REF
704,Ping Ping,F,7/6/2008,,Wild,,Yaan BC
709,Qi Fu,F,7/26/2008,,Captive,,ChengPanda
712,Zhuang Mei,F,7/26/2008,,Captive,,Yaan BC
719,An An,M,8/6/2008,,Captive,,Yaan BC
723,Huan Huan ,F,8/10/2008,,Captive,,ChengPanda
726,Kai Kai,M,8/24/2008,,Captive,,ChengPanda
731,Xi Lan ,M,8/30/2008,,Captive,,Atlanta
735,Min Min,F,9/3/2008,,Captive,,Yaan BC
736,Yuan Zi,M,9/6/2008,,Captive,,ChengPanda
739,A Ling,F,9/14/2008,,Captive,,Yaan BC
740,Lin Bing,F,5/27/2009,,Captive,,Chiang Mai
741,Hao Hao ,F,7/7/2009,,Captive,,Yaan BC
743,Jin Ke,M,7/15/2009,,Captive,,Yaan BC
744,Yin Ke,M,7/16/2009,,Captive,,Yaan BC
745,Xing Hui,M,7/22/2009,,Captive,,Yaan BC
747,Xiang Lu,M,7/23/2009,,Captive,,Yaan BC
748,Xiang Lin,M,7/24/2009,,Captive,,Yaan BC
750,Bo Si ,F,8/7/2009,,Captive,,Yaan BC
751,Shen Wei,M,8/7/2009,,Captive,,Yaan BC
752,Zi Yan,M,8/14/2009,,Captive,,Yaan BC
755,Shen Bin,F,8/20/2009,,Captive,,Yaan BC
756,Shu Qin,F,8/26/2009,,Captive,,Yaan BC
759,Yao Man,F,9/27/2009,,Captive,,Yaan BC
761,Wen Li,F,7/19/2009,,Captive,,ChengPanda
762,Ya Li,F,7/19/2009,,Captive,,ChengPanda
763,Zhi Zhi,F,8/23/2009,,Captive,,ChengPanda
766,Da Bai Tu,F,7/2/2010,,Captive,,Beijing
771,Cai Yun,F,7/27/2010,,Captive,,Yaan BC
775,Ao Ao ,M,8/1/2010,,Captive,,Yaan BC
784,Xiao Bai Tu,F,8/13/2010,,Captive,,Yaan BC
791,Yang Hua,F,8/25/2010,,Captive,,Yaan BC
794,Hu Chun,F,9/8/2010,,Captive,,Yaan BC
810,Yun Duo ,F,7/8/2011,,Captive,,Wolong BC
824,Cheng Da,F,8/15/2011,,Captive,,ChengPanda
827,Su Shan,F,8/20/2011,,Captive,,Yaan BC
829,Mang Zai ,F,9/4/2011,,Captive,,ChongQing
838,Yi Chang,F,7/25/2012,,Captive,,Yaan BC
860,Qiao Qiao ,F,8/12/2009,,REF,4/8/2013,REF
861,Panda A,F,9/27/2005,,Captive,,Yaan BC
862,Panda B,F,9/29/2005,,Captive,,Yaan BC
863,Panda C,M,10/15/2007,,Captive,,Yaan BC
864,Panda D,F,10/19/2007,,Captive,,Yaan BC
865,Panda E,M,10/15/2008,,Captive,,Yaan BC
866,Panda F,M,10/22/2008,,Captive,,Yaan BC
867,Panda G,F,12/10/2008,,Captive,,Yaan BC
868,Panda H,M,10/6/2004,,Captive,,Yaan BC
869,Panda I,F,10/6/2004,,Captive,,Yaan BC
870,Panda J,F,10/1/2005,,Captive,,Yaan BC
871,Panda K,F,10/1/2005,,Captive,,Yaan BC
872,Panda L,M,10/3/2005,,Captive,,Yaan BC
873,Panda M,F,10/3/2005,,Captive,,Yaan BC
874,Panda N,F,5/22/2007,,Captive,,Yaan BC
875,Panda O,M,5/22/2007,,Captive,,Yaan BC
876,Panda P,F,10/3/2007,,Captive,,Yaan BC
877,Panda Q,M,10/3/2007,,Captive,,Yaan BC
878,Panda R,M,10/3/2007,,Captive,,Yaan BC
879,Panda S,F,12/19/2001,,Captive,,Yaan BC
880,Panda T,M,12/19/2001,,Captive,,Yaan BC
881,Panda U,F,12/19/2001,,Captive,,Yaan BC
882,Panda V,F,10/3/2002,,Captive,,Yaan BC
883,Panda W,F,10/3/2002,,Captive,,Yaan BC
884,Panda X,M,10/3/2002,,Captive,,Yaan BC
885,Panda Y,F,9/10/2004,,Captive,,Yaan BC
886,Panda Z,M,9/10/2004,,Captive,,Yaan BC
887,Panda Aa,M,9/10/2004,,Captive,,Yaan BC
888,Panda Ab,F,12/3/2006,,Captive,,Yaan BC
889,Panda Ac,M,12/3/2006,,Captive,,Yaan BC
890,Panda Ad,F,12/3/2006,,Captive,,Yaan BC
891,Panda Af,F,8/26/2009,,Captive,,Yaan BC
892,Panda Ag,F,8/26/2009,,Captive,,Wolong BC
893,Panda Ah,M,8/26/2009,,Captive,,Wolong BC
894,Panda Ai,F,8/26/2009,,Captive,,Wolong BC
895,Panda Aj,M,1/5/2006,,Captive,,Wolong BC
896,Panda Ak,M,1/5/2006,,Captive,,Wolong BC
897,Panda Al,F,1/5/2006,,Captive,,Wolong BC
898,Panda Am,M,1/5/2006,,Captive,,Wolong BC
899,Panda An,F,1/5/2006,,Captive,,Wolong BC
900,Panda Ao,F,8/26/2009,,Captive,,Wolong BC
901,Panda Ap,F,8/26/2009,,Captive,,Wolong BC
902,Panda Aq,M,8/26/2009,,Captive,,Wolong BC
903,Panda Ar,M,8/26/2009,,Captive,,Wolong BC
904,Panda As,F,8/26/2009,,Captive,,Wolong BC
