﻿BehavID,BehavDate,Weather,AirQual,TempPhone,TempTherm,BehavType_fk,BehavCSV,TimeStart,TimeEnd,FocalPandaID,FocalPandaPen,Panda1ID,Panda1Pen,Panda2ID,Panda2Pen,Notes,StaffID
1,1/18/2008,Cloudy,Good,30,31,1,ipadFile1001.csv,9:00,9:30,861,,881,,886,,blah blah blah,2
2,1/18/2008,Sunny,Fair,29,30,2,ipadFile1002.csv,10:13,10:43,862,,882,,887,,blah blah blah,3
3,1/18/2008,Sunny,Good,28,29,3,ipadFile1003.csv,11:04,11:34,863,,883,,888,,blah blah blah,1
4,1/18/2008,Cloudy,Poor,29,28,4,ipadFile1004.csv,13:20,13:50,864,,884,,889,,blah blah blah,2
5,1/18/2008,Partly Sunny,Good,30,30,2,ipadFile1005.csv,14:20,14:50,861,,881,,886,,blah blah blah,2
6,1/18/2008,Partly Cloudy,Fair,31,29,1,ipadFile1006.csv,14:42,15:12,862,,882,,887,,blah blah blah,3
7,1/18/2008,Sunny,Good,29,28,3,ipadFile1007.csv,15:04,15:34,863,,883,,888,,blah blah blah,2
8,1/18/2008,Rainy,Good,27,26,4,ipadFile1008.csv,17:05,17:35,864,,884,,889,,blah blah blah,1
