﻿RearID,NewPandaID_fk,RearDate,RearNotes
1,1,9/27/2005,Comment1
2,2,9/29/2005,Comment2
3,3,10/15/2007,Comment3
4,3,11/19/2005,Comment4
5,4,12/5/2007,Comment5
6,5,12/9/2007,Comment6
7,1,12/5/2008,Comment7
8,4,11/21/2005,Comment8
9,3,11/23/2005,Comment9
10,4,12/9/2007,Comment10
11,4,12/13/2007,Comment11
12,5,12/9/2008,Comment12
13,1,12/1/2007,Comment13
14,4,12/5/2007,Comment14
15,5,12/1/2008,Comment15
16,1,11/17/2005,Comment16
17,4,10/15/2007,Comment17
18,5,11/19/2005,Comment18
19,1,12/5/2007,Comment19
20,2,12/9/2007,Comment20
21,3,12/5/2008,Comment21
22,4,11/21/2005,Comment22
23,3,11/23/2005,Comment23
24,4,12/9/2007,Comment24
25,5,12/13/2007,Comment25
